,Time,Text,User Followers,User Verified,Likes,Retweets
0,"12/31/2022, 10:12:24","[üì∑ MARK SHOTS]

thank you for coming and waiting üñ§
make sure to grab some food 
and we‚Äôll see each other later!‚Ä¶ https://t.co/odkACjN8ZZ",670279,1,32001,18463
1,"12/26/2022, 21:58:01","A handful of billionaires now have unprecedented control over banking, the food we eat, the health care we can acce‚Ä¶ https://t.co/4cm1QQxBDb",1581829,1,57997,13499
2,"12/26/2022, 09:02:00","[GIVEAWAY]
#HoYoFair2023 New Year Fan Art Special Program Coming Soon!
To celebrate, Mimo is hosting a special give‚Ä¶ https://t.co/lUq3S7xMgV",177280,1,4679,6324
3,"01/01/2023, 23:59:59",@weirdterrifying AWE THEY R JUST LITTLE KITTY'S TRYING TO PLAY üíû food is a bonus probably,195,0,0,0
4,"01/01/2023, 23:59:59",primeiro fast food do ano,806,0,0,0
5,"01/01/2023, 23:59:58",@FLOTUS Go change some diapers and have some ice cream. We all know Joe is incapable of eating solid food. #notadoctor,399,0,0,0
6,"01/01/2023, 23:59:57","I got rejected by 3 fast food chains
I had to work for one day in one and even so i didn't managed to pass in the t‚Ä¶ https://t.co/X1jGGhM5pc",24485,0,13,0
7,"01/01/2023, 23:59:57",I just wanna eat some good food,737,0,1,0
8,"01/01/2023, 23:59:55",@MaryPeltola U.S. inflation this year... food at elementary &amp; secondary schools +254.1 % ONLY IN AMERICA https://t.co/8MGF4fcCxz,7,0,0,0
9,"01/01/2023, 23:59:54","What happens when you search for restaurants in Lewisville, TX and you settle on ""Today's Meal"" because the ratings‚Ä¶ https://t.co/oZTArXN5OJ",2535,0,2,0
10,"01/01/2023, 23:59:53",mommy sorry mommy sorry mommyüßéüèª‚Äç‚ôÄÔ∏èü´¶ can‚Äôt wait to see the true milf you bloom into!! only a year to go bc ur old as‚Ä¶ https://t.co/eDWChrtGYE,734,0,1,0
11,"01/01/2023, 23:59:52",@tenaciousrb @MiraSorvino Assuming that was a real question and not some Nationalist Christian (Nat C) banter. here‚Ä¶ https://t.co/luiD82RXgf,6613,0,1,0
12,"01/01/2023, 23:59:50","@Ieohyuns the airports are so easy to navigate, stay on the mainland, tasmania is awful, the melbourne domestic air‚Ä¶ https://t.co/Hl9WrysPeP",963,0,1,0
13,"01/01/2023, 23:59:50",@catturd2 My dad swears by adding a few drops of hydrogen peroxide food grade to a drink daily.,232,0,0,0
14,"01/01/2023, 23:59:49","America's favorite meal just got a major price hike https://t.co/1oX7ec7FGF ""the year-on-year increase in inflation‚Ä¶ https://t.co/WeOhSC6nOm",65,0,0,0
15,"01/01/2023, 23:59:48","@PandaExpress 

...let me get this straight, u give me a whole plate of food, but only 3 ¬π/3 OF THE WAY FULL sweet‚Ä¶ https://t.co/8QTEyJOiON",268,0,0,0
16,"01/01/2023, 23:59:46",@luvustay The food was hitting DIFFERENT üò©üíú,76,0,0,0
17,"01/01/2023, 23:59:43","@bearberryvee download a water app/one with reminders, it‚Äôll help a lot and make u focus more on water then food",14,0,1,0
18,"01/01/2023, 23:59:42",@BloombergUK People are fighting for a proper wage. Nurses and others using food banks to survive because of Tory p‚Ä¶ https://t.co/yG1syN8lF0,753,0,1,0
19,"01/01/2023, 23:59:41","@24hoursalove1 Yes, it truly is,but maybe it was someone else asked to leave,not JS, But maybe BK? He was asked to‚Ä¶ https://t.co/6pKJ8ja6K1",109,0,1,0
20,"01/01/2023, 23:59:41",when the wedding food hits too good https://t.co/sNyCl52txn,560,0,8,0
21,"01/01/2023, 23:59:41","Chinese food feast (rice not pictured)!

Sweet &amp; Sour Chicken, Mongolian Beef, Moo Shu Vegetables

and‚Ä¶ https://t.co/7w7BcSq5VK",1646,0,1,1
22,"01/01/2023, 23:59:41",@DarkSunLokdolin i dont trust american food to not poison me also ill be real,583,0,1,0
23,"01/01/2023, 23:59:40","Honestly if the food and beds were better,  I'd consider going back to county jail just for the hell of it.   I mad‚Ä¶ https://t.co/2JZQbODgRf",529,0,3,0
24,"01/01/2023, 23:59:39",@NoContextBrits Best Indian food in the world outside of India.,139,0,0,0
25,"01/01/2023, 23:59:37",my mom cooked some bomb ass food last night ü§∞üèª,209,0,3,0
26,"01/01/2023, 23:59:34","Another hour! It's January 02, 2023 at 07:59AM#MRpoints #StayDC nice food,..........",3,0,0,0
27,"01/01/2023, 23:59:34","@ask_aubry There's basically only one reason i want to go to Japan, and that's food",327,0,64,0
28,"01/01/2023, 23:59:29",@jasonllevin Heading to Home Depot tomorrow and when I‚Äôm done there will stop at Chik-Fil-A for some food.,4466,0,0,0
29,"01/01/2023, 23:59:28","@VtuberValak I literally just ate food and this make me hungry again, holy jesus on a pogo stick

this how a real king feast",364,0,0,0
30,"01/01/2023, 23:59:28","2023 im making more clothes, making more food, hanging out, doing book club w a friend, watching more movies alone,‚Ä¶ https://t.co/GjpYdvvUtq",33,0,1,0
31,"01/01/2023, 23:59:27",@mimsb123 when i‚Äôm like super hungover i‚Äôll eat greasy breakfast food and it always works,2305,0,0,0
32,"01/01/2023, 23:59:27",Just came to drop food off to Dede &amp; 75N is at a standstill from Buckhead to Eastpoint now I gotta figure out how i‚Äôma get home üò©,377,0,0,0
33,"01/01/2023, 23:59:27",@Piepricia Imagine someone prank you nd serve you some soul food but it‚Äôs wax melt üò≠üòï https://t.co/kp31POMkOv,529,0,1,0
34,"01/01/2023, 23:59:26",@garIicbaguette @deanwnchstrsgf steal his food,911,0,0,0
35,"01/01/2023, 23:59:26",@WorldWarWang Best bread in world (french baguette) + best butter in world (Isigny) + fatted south-west France duck‚Ä¶ https://t.co/eTUbUE38ex,116,0,2,0
36,"01/01/2023, 23:59:24",@jordanbpeterson The idea that food should be non-poisonous is lovely. The idea that idiot tyrannical bureaucrats c‚Ä¶ https://t.co/Wogal4CJ36,220,0,0,0
37,"01/01/2023, 23:59:22","@jharr16 240 million human beings bombed into subjugation by the worlds biggest thief ,no heat , no food for their‚Ä¶ https://t.co/HYGVRpv30Q",1,0,0,0
38,"01/01/2023, 23:59:21",A friendly reminder who is at the top of the food chain https://t.co/4mx7AhkFJk,169,0,1,1
39,"01/01/2023, 23:59:21",Communists fought with the miners in 1912 to bring about the end of essau script which has a systemic rape of miner‚Ä¶ https://t.co/lPthQxDv6k,951,0,8,0
40,"01/01/2023, 23:59:18",about to eat some bomb ass Lebanese food brb,401,0,2,0
41,"01/01/2023, 23:59:17","Saucemoto Dip Clip | An in-car sauce holder for ketchup and dipping sauces. As seen on Shark Tank (2 Pack, Black)‚Ä¶ https://t.co/ruQIpO3H2G",14,0,2,0
42,"01/01/2023, 23:59:16","d7 Algae feed large swarms of Antarctic krill, which are the main food for large predators, including the regiona‚Ç¨?‚Ä¶ https://t.co/eFTBH3xnMM",280,0,0,0
43,"01/01/2023, 23:59:16",Did you know that 34% of NYC‚Äôs waste is actually compostable? Get those food scraps and yard waste out of the trash‚Ä¶ https://t.co/Gp5hFLXWM1,146,0,0,0
44,"01/01/2023, 23:59:14",I hate it when people at fast food restaurants crowd the pick up counter‚Ä¶ bro you‚Äôre not the only one waiting.,618,0,3,0
45,"01/01/2023, 23:59:13",all this food and the only thing I want is my smoked Turkey and cabbage ü•¨ üòÖü§¶üèΩ‚Äç‚ôÄÔ∏èüòÇ https://t.co/FJyX8vJKOX,202,0,0,0
46,"01/01/2023, 23:59:13","@EzerRatchaga This was a profound realization for me a while ago. Also, one can say that the stomach is smarter tha‚Ä¶ https://t.co/AqgFMAh7JN",12,0,2,0
47,"01/01/2023, 23:59:13",do you think reynolds woodcock would like chinese food? i don't think he would,979,0,1,0
48,"01/01/2023, 23:59:10","@rubertgoobert how do you feel about eating non-vegan food second hand (corpses/flesh/pus/etc)?

If it's second han‚Ä¶ https://t.co/EyY7lhdyE7",15,0,0,0
49,"01/01/2023, 23:59:05","I need food. 7krave, Hugo and Cutdiline nah work fi mi. Other options?",746,0,0,2
50,"01/01/2023, 23:59:05",Just ate Chinese food. Dat shit was ass. China good for nothin,124,0,0,0
51,"01/01/2023, 23:59:05","I‚Äôm making goulash and playing Bartok String Quartets.

The recipe was from the NY Times magazine in 1998, so I‚Äôve‚Ä¶ https://t.co/iGJUlQ4rnP",1570,0,2,0
52,"01/01/2023, 23:59:04","Learning Resources New Sprouts Healthy Breakfast, Pretend Play Toys for Toddlers, Play food for Kids, Play Breakfas‚Ä¶ https://t.co/ccX34kW6xL",9,0,0,0
53,"01/01/2023, 23:59:04","üéÜHAPPY NEW YEARüéÜ

Don‚Äôt fancy cooking at home? We‚Äôve got you! We serve food 12-9pm! Come try our small plates-3 for‚Ä¶ https://t.co/1i2KzzvFol",221,0,1,0
54,"01/01/2023, 23:59:04","@yacineMTB @AndrewYNg Jarvis, prepare my gaming setup.

‚Äúright away sir, lighting adjusted and food is on the way‚Äù",257,0,3,0
55,"01/01/2023, 23:59:03","Hoppin' John, grapes and pickled herring: New Year's food traditions https://t.co/xrlg6PzQ8X",87072,0,2,1
56,"01/01/2023, 23:59:02",@iwrotesham Well you CAN take an EBT card into a gas station and buy energy drinks and every manner of fat making food they have in there.,65,0,1,0
57,"01/01/2023, 23:59:01",Self sucking so I can be a food chain briefly,76,0,0,0
58,"01/01/2023, 23:59:00","Melissa &amp; Doug Cutting Fruit Set - Wooden Play Food Kitchen Accessory, Multi JA5JDVL

https://t.co/hbtKIBGh8l https://t.co/0QmPrKkviG",24,0,0,0
59,"01/01/2023, 23:58:59",@JamesBradleyCA American citizens live in deplorable conditions fighting dail For food medicine medical care childr‚Ä¶ https://t.co/qSuuZ59Qov,770,0,0,0
60,"01/01/2023, 23:58:58","Worked, went food shopping, put food away, washed lee, went over vocabulary words with lee, &amp; now time to make dinner üò´",867,0,1,0
61,"01/01/2023, 23:58:58",@Salon No. The focus should be on making healthy choices in the moment and not ruminating over food. Better to teac‚Ä¶ https://t.co/Re0nMCPXwL,178,0,1,0
62,"01/01/2023, 23:58:57","@Asmongold This is gonna require you to eat double the food you eat during the day, minimum. 
Good luck",148,0,1,0
63,"01/01/2023, 23:58:57",Wasting food https://t.co/gj0Dsz6eE3,1500,0,0,0
64,"01/01/2023, 23:58:57",Highkight of last night was discussing how stressful it is to pick the right kind of cat food,233,0,5,0
65,"01/01/2023, 23:58:57","@robinmonotti Actually, I agree. There's far too many people that aren't me taking up valuable space, food and reso‚Ä¶ https://t.co/laPgN3mH0G",2,0,0,0
66,"01/01/2023, 23:58:56",7 days till Disney and all I can think about is the amount of food I'm gonna eat. üò≠üòãüòÆ‚Äçüí®,364,0,3,0
67,"01/01/2023, 23:58:56","@mstreet221 It's only a Bodega if it has a cat, questionable food safety ratings and sells loosies",573,0,1,0
68,"01/01/2023, 23:58:54",@LebergerDavid I think I saw them passing out food.,1204,0,1,0
69,"01/01/2023, 23:58:52",@Rhaeiny Happy new year to you too Rainy!!!!! üíïüíïüíïüíï hope u get to eat fun food and have fun funs!!!!!,4713,0,1,0
70,"01/01/2023, 23:58:51",Living in an NYC apartment is hard‚Äìliving in an NYC apartment with smelly trash is worse. Get those food scraps out‚Ä¶ https://t.co/rZYRhDGUkA,146,0,0,0
71,"01/01/2023, 23:58:51","How about starting off 2023 by trying to consume each of these 4 food groups every day?
‚Ä¢ Fruits
‚Ä¢ Vegetables
‚Ä¢ Ani‚Ä¶ https://t.co/icYWLX2yCn",8634,0,86,9
72,"01/01/2023, 23:58:49",".@ALI (https://t.co/ZKCG59M0DL) #AliAlexander:

‚ÄúSome will go with 1 meal a day.

Others will go with no food, just‚Ä¶ https://t.co/NjMiRe60vO",1985,0,0,2
73,"01/01/2023, 23:58:47",Just did the sexiest food shop at mum‚Äôs house.,11733,0,1,0
74,"01/01/2023, 23:58:46",I made it out of my cutie lil turtle shell so prepare for some food kids ü§≠,166,0,1,0
75,"01/01/2023, 23:58:46",I need some food,573,0,0,0
76,"01/01/2023, 23:58:45",@dwc8647 @1WitchyChick Problem is so many imports come through California. Not to mention all the food grown or shi‚Ä¶ https://t.co/Lh1mbKpTKj,4310,0,2,0
77,"01/01/2023, 23:58:45",@_nanaminto RIGHT i love it all the food / sweets themed skins are so cute ü´°,2483,0,0,0
78,"01/01/2023, 23:58:45",woah guys. just found out food gives you energy,157,0,1,0
79,"01/01/2023, 23:58:43",@davidaxelrod @SpeakerPelosi American citizens live in deplorable conditions fighting dail For food medicine medica‚Ä¶ https://t.co/L3IJVblLK9,770,0,0,0
80,"01/01/2023, 23:58:42",@ExRhenum Who the fuck cares about calories just eat ur food,19,0,1,0
81,"01/01/2023, 23:58:41",My biggest pet peeve is buyin food and it being nasty üôÑüôÑüôÑüôÑ,297,0,2,0
82,"01/01/2023, 23:58:40","@GSmokesweed1 Another big holiday meal. Soul food. Eckridge beef sausage with buttered cabbage. Black eyed peas, co‚Ä¶ https://t.co/HnhMF0PTGw",659,0,1,0
83,"01/01/2023, 23:58:40",This summer the cartel will continue its attacks on our power grid.  They wish to destroy your food supply.  All re‚Ä¶ https://t.co/OT613MfSri,188,0,0,0
84,"01/01/2023, 23:58:40","@Subarumanian Most of the fake meat have lots of refined flours &amp; bad seed oils. If you choose real food instead, that‚Äôs ok!",38112,0,6,0
85,"01/01/2023, 23:58:36",@jccaylen try new food places along the way! i love a good mukbang,839,0,0,0
86,"01/01/2023, 23:58:34",@ML_Philosophy I have food,76,0,0,0
87,"01/01/2023, 23:58:32","@Priya_272 Vikku u r complete fun, already  u r reminding me of a hero who had ur sense of humour, that's bagath si‚Ä¶ https://t.co/fYAV7vMRrA",263,0,1,0
88,"01/01/2023, 23:58:31",@C___god @Trigg3100 @DailyLoud Actually she posted the plane. And as someone in the comments has shown the make/mod‚Ä¶ https://t.co/JtsSXaOBr9,357,0,0,0
89,"01/01/2023, 23:58:29",I guess I'm in the minority but the Raiders defense is like asking a chef to make a 5‚≠ê meal with nothing but canned‚Ä¶ https://t.co/NMBfiY66E8,4302,0,72,8
90,"01/01/2023, 23:58:29",@EricSpracklen American citizens live in deplorable conditions fighting dail For food medicine medical care childre‚Ä¶ https://t.co/M5fdHtVHNy,770,0,1,0
91,"01/01/2023, 23:58:28",@Food_2_Die_4 @Lostwanderfound @hotgayscientist @cashohoney @davenewworld_2 the system is made to weed out any ‚Äúgoo‚Ä¶ https://t.co/dsluLf0Wr8,94,0,2,0
92,"01/01/2023, 23:58:28",@mama_dance9 Nothing wrong with processed and canned meat food products. üò¨,667,0,0,0
93,"01/01/2023, 23:58:27","Food done, carrot cake entering the oven. House smelling so good.",359,0,0,0
94,"01/01/2023, 23:58:25","@LifeWants2Live Um, bus was met by volunteers with, like blankets and food. I think a local church gave them shelte‚Ä¶ https://t.co/hiTKti1yFv",250,0,0,0
95,"01/01/2023, 23:58:25","@JaniceSchmugge Congress never had big salaries. They used to receive a stipend for food, travel, lodging but only‚Ä¶ https://t.co/4bjpO2Y6jD",1805,0,5,1
96,"01/01/2023, 23:58:24",@david_perell Exactly. My day is 80% managing personalities and I work in a food manufacturing environment.,142,0,0,0
97,"12/31/2022, 10:12:24","[üì∑ MARK SHOTS]

thank you for coming and waiting üñ§
make sure to grab some food 
and we‚Äôll see each other later!‚Ä¶ https://t.co/odkACjN8ZZ",670280,1,32001,18463
98,"12/26/2022, 21:58:01","A handful of billionaires now have unprecedented control over banking, the food we eat, the health care we can acce‚Ä¶ https://t.co/4cm1QQxBDb",1581829,1,57997,13499
99,"12/26/2022, 09:02:00","[GIVEAWAY]
#HoYoFair2023 New Year Fan Art Special Program Coming Soon!
To celebrate, Mimo is hosting a special give‚Ä¶ https://t.co/lUq3S7xMgV",177280,1,4679,6324
100,"12/29/2022, 23:56:36","Twitter janitors strike--&gt;Elon fires them--&gt; so--&gt; 

""the smell of leftover takeout food and body odor has lingered‚Ä¶ https://t.co/FOWXnWBJID",30942,1,17131,3646
101,"12/25/2022, 18:46:27",93yo pani Olena made herself more than 500 candles for soldiers in trenches. They use them to get warm &amp; cook food.‚Ä¶ https://t.co/lRUIoB4RUH,114053,1,13177,2210
102,"12/27/2022, 04:11:03","Canadians are going to food banks and asking for government euthanasia. ""It deepens my resolve,"" Trudeau says. And‚Ä¶ https://t.co/61n6PAin0Y",243565,1,5673,1794
103,"12/26/2022, 16:00:00","We're sending $100 to one person who RTs and follows @Millions.

What‚Äôs your favorite breakfast food? Tell us for a‚Ä¶ https://t.co/pVLinzbwoG",225868,1,1533,2198
104,"12/29/2022, 14:53:00","The minimum wage at $7.25/hr is $1,257 a month.

How exactly do you pay for rent, utilities, food, child care, heal‚Ä¶ https://t.co/29bqh1Drgm",303061,1,24445,4705
105,"12/31/2022, 23:43:34",i made like a lot of good food in 2022 https://t.co/EA0TyNTOjk,35756,1,52754,3118
106,"12/28/2022, 19:03:54",why drive 5 minutes for food when i can order doordash for $80,388780,0,48045,5090
107,"12/29/2022, 15:37:24","Red meat is a health food!!

https://t.co/65v4YGdnTc https://t.co/VA8KRb4UUh",185851,0,21259,4591
108,"12/26/2022, 16:28:40","You are from Las Vegas, NV. You are used to bland, flavorless, plain, unseasoned, unsavory food such as boiled turk‚Ä¶ https://t.co/Sj8jHmvCLI",82900,1,2378,643
109,"12/28/2022, 18:15:00","‚ÄúAnybody earning 30 odd grand a year, which most nurses are, using food banks, then they‚Äôve got something wrong wit‚Ä¶ https://t.co/k25aoZ9gsK",57681,1,3739,882
110,"12/30/2022, 11:03:00",Stop and think for a moment about this statement. It‚Äôs true. From here to that destination is unimaginable violence‚Ä¶ https://t.co/tul8M4tPqg,36022,1,4894,1825
111,"12/26/2022, 01:17:42","While I was in prison, I was the food procurement clerk. It was my job to work with the first cook to design the da‚Ä¶ https://t.co/w8co3XxrFy",32961,0,25406,1869
112,"12/30/2022, 08:05:18",this is what happens when you don‚Äôt recycle your pizza boxes,5778714,1,3564583,427744
113,"12/29/2022, 22:10:36","Andrew Tate‚Äôs video in response to Greta Thunberg allowed Romanian authorities to confirm he was in the country, an‚Ä¶ https://t.co/WrYMvxlvLC",540573,0,741027,88143
114,"12/29/2022, 21:43:12",Romanian authorities needed proof that Andrew Tate was in the country so they reportedly used his social media post‚Ä¶ https://t.co/O6zIdC6tdV,106031,1,526267,67170
115,"12/31/2022, 18:26:16",Sometimes it‚Äôs just better to make pizza at home,124506882,1,738564,45714
116,"12/30/2022, 10:53:10","At Jerry's Pizza, we deliver swift justice.",99585,1,240306,19776
117,"01/01/2023, 16:04:40","Alejandra Caraballo is responsible for the pizza box hoax, the hoax that the Club Q shooter was anti-LGBT, and the‚Ä¶ https://t.co/HKb3JnsbFl",1909305,1,28394,6552
118,"12/30/2022, 15:56:43",A good pizza will never let you down.,420102,1,106969,8328
119,"12/29/2022, 22:18:52",Andrew Tate reportedly inadvertently tipped off Romanian authorities of his presence in Romania with his response v‚Ä¶ https://t.co/Lk622kFIdh,1227483,0,114806,6794
120,"12/30/2022, 08:17:57",Greta Thunberg reacts to Andrew Tate getting arrested with the help of the pizza box that appeared in his rant vide‚Ä¶ https://t.co/K6PwByED5G,540573,0,132764,7962
121,"12/31/2022, 16:32:36","2022 isn't over until we give y'all as much pizza as we can!‚Äã

RETWEET for your chance to #WinDominosPizza!‚Äã

Rules‚Ä¶ https://t.co/d522Cv7r9N",1508120,1,3150,6807
122,"12/29/2022, 22:24:55","Now the miscreant in question, he had the temerity, the hubris, to broadcast his whereabouts with the online exhibi‚Ä¶ https://t.co/nOrrQ6uf7j",239565,1,48373,5712
123,"12/30/2022, 00:08:54","When you tip off the cops 
With your big pizza box
That‚Äôs Amore",24620,1,37937,3682
124,"12/29/2022, 22:35:34",The Romanian pizza chain appearing in Andrew Tate‚Äôs response video to Greta Thunberg was reportedly used as proof f‚Ä¶ https://t.co/alg9Vvea4d,321027,1,55902,5190
125,"12/28/2022, 16:00:07","Friendly reminder for 2023:‚Äã

Pineapple belongs on pizza.‚Äã
Pineapple belongs on pizza.‚Äã
Pineapple belongs on pizza.‚Ä¶ https://t.co/jGA2X671qh",1508120,1,10938,2463
126,"12/30/2022, 21:32:43",Someone send pizza to Mar-a-Lago and let‚Äôs see what happens.‚Ä¶ https://t.co/QGuUwDgXgd,322153,0,23371,1847
127,"12/30/2022, 08:05:18",this is what happens when you don‚Äôt recycle your pizza boxes,5778713,1,3564583,427744
128,"12/29/2022, 22:10:36","Andrew Tate‚Äôs video in response to Greta Thunberg allowed Romanian authorities to confirm he was in the country, an‚Ä¶ https://t.co/WrYMvxlvLC",540575,0,741027,88143
129,"12/29/2022, 21:43:12",Romanian authorities needed proof that Andrew Tate was in the country so they reportedly used his social media post‚Ä¶ https://t.co/O6zIdC6tdV,106031,1,526267,67170
130,"01/01/2023, 23:59:58",@KevoLife Look yo!! It's a personal deep dish pizza yo!! The bane of my existence yo! https://t.co/7SrvFPH0aH,243,0,1,0
131,"01/01/2023, 23:59:56",@PastoorRiley that‚Äôs 260 calories burned‚Ä¶. that probably pizza is probably closer to a 1000,63,0,1,0
132,"01/01/2023, 23:59:54",a good inch between her head and that pizza cutter üòÇ https://t.co/OLQU6yAzJd,619,0,1,0
133,"01/01/2023, 23:59:50",Niggas deliver me cold pizza I‚Äôm calling you back to pick this shit up. Don‚Äôt fuck with me,2635,0,0,0
134,"01/01/2023, 23:59:47",I wouldn't charge extra for onions on a pizza.. ü§î,518,0,4,0
135,"01/01/2023, 23:59:38",@DoniTheDon_ Well done steak? Maybe if I was part of the Donner party. Pineapple on pizza? I will disown you and curse your children!,121,0,0,0
136,"01/01/2023, 23:59:27","@hugo_kemnitz @jordanbpeterson Wrong buddy wrong, they all vacation at the island together, you know with Bill Gate‚Ä¶ https://t.co/Hs3p02F5IK",6,0,0,0
137,"01/01/2023, 23:59:27",@ErinInTheMorn Pizza box hoax?,5,0,0,0
138,"01/01/2023, 23:59:19","@a_simple_tailor @trekkiebill They need to put Tate's surname but everyone knows who Greta is.

Too many Andrews with pizza obsessions",1258,0,3,0
139,"01/01/2023, 23:59:14","btw you're not supposed to recycle pizza boxes, they have dried grease on them which makes them NOT recyclable, how‚Ä¶ https://t.co/RIcbrmgUUI",568,0,2,0
140,"01/01/2023, 23:59:09",The pizza I bought came with spicy honey ü§î https://t.co/yZGZbYuvvw,241,0,1,0
141,"01/01/2023, 23:59:00",Wonder if he'll get visits from Gaga and Pammy to help him with his Jerry's Pizza during solitary lockdown?‚Ä¶ https://t.co/J1YfSIYgzw,246,0,3,0
142,"12/27/2022, 05:33:44",i will never turn down pasta.,494303,1,1701,648
143,"12/30/2022, 14:08:14","LOL, the food pyramid actually told us to eat 6-11 servings of bread and pasta a day https://t.co/6Rwe6DdQmk",239391,0,3464,380
144,"01/01/2023, 14:30:30","Pasta knows how to do it up. üèí‚õ∏Ô∏è‚öæÔ∏è

#WinterClassic | @pastrnak96 https://t.co/nwMlFXBwpA",1608446,1,2154,295
145,"01/01/2023, 23:59:54",Omggg that pasta with those colorful noodles hit bad ü§§,739,0,0,0
146,"01/01/2023, 23:58:45",this is so embarrassing. i want to love &amp; be loved &amp; drink really nice tea &amp; eat really nice pasta &amp; not feel like‚Ä¶ https://t.co/dN9ZjrQpG6,45,0,0,0
147,"01/01/2023, 23:58:19",@neoaky @neonullbeepboop I mean ravioli is similar too.. you can keep your pasta status lmao,1003,0,2,0
148,"01/01/2023, 23:58:10",@reallyytayy Lmaooo. This has been a staple in my family as long as I can remember. Best pasta dish I‚Äôve had outside Italy ofc,1139,0,1,0
149,"01/01/2023, 23:58:08",@ShitcoinSherpa Idk if this is pasta but hope you're doing better. It's been a tough few years for a lot of people‚Ä¶ https://t.co/HDUA1bczMv,635,0,2,0
150,"01/01/2023, 23:57:42",Craving seafood pasta üòã,143,0,0,0
151,"01/01/2023, 23:57:36",@MichaelAArouet water + pasta,15,0,0,0
152,"01/01/2023, 23:57:32",i have so much pasta sauce in the fridge but i really want to make vegan noodle soup üôÉ,190,0,0,0
153,"01/01/2023, 23:57:27",@DegenSpartan The best part about this pasta and my dumb CT brain is that my initial visceral reaction was not the‚Ä¶ https://t.co/EVZ3g21DX5,2117,0,0,0
154,"01/01/2023, 23:57:23",@SheAdawg2 Cafe Pasta. They are so underrated,1292,0,0,0
155,"01/01/2023, 23:57:18","@slayisclay @kenzrrry Im on a pasta diet ,i haven‚Äôt had pasta for almost 1 month",1344,0,0,0
156,"01/01/2023, 23:56:47",whole adult blowing on his pasta ..,276,0,0,0
157,"01/01/2023, 23:56:47","Actually that‚Äôs a lie. Pasta burn feels good but it makes me tired :(

Hhhhh",16133,0,2,0
158,"01/01/2023, 23:56:27",@L1NOC4LS i may not be able to avoid pasta completely but i'll do my best!!,591,0,1,0
159,"01/01/2023, 23:55:59","Multi-Function Pasta Spaghetti Box, Kitchen Noodle Box with Cover Food Storage Container ZH1XWPD‚Ä¶ https://t.co/64BC7xUyCE",7,0,0,0
160,"01/01/2023, 23:55:58","Kitchen Supply Pasta / Parsley Mincer 98RVZPT

https://t.co/lVIYdfN6FB https://t.co/09T2AgTqZl",14,0,0,0
161,"01/01/2023, 23:55:58","Pasta Maker Attachment for KitchenAid Stand Mixers -3 in 1 Set Pasta Attachments includes Pasta Roller, Spaghetti F‚Ä¶ https://t.co/PFo8AO14jE",11,0,0,0
162,"01/01/2023, 23:55:56","TANSOO Kitchen Pasta Server, Spaghetti Spoon, Durable Food Grade Stainless Steel Pasta Spoon With Ergonomic Handle‚Ä¶ https://t.co/y6mTRen3No",6,0,0,0
163,"01/01/2023, 23:55:54",Pastrnak's pasta statue reminded me of when I worked for world famous chef Jean Marie Lacroix 45 years ago. He had‚Ä¶ https://t.co/BxfU2F4ZXU,5276,0,3,0
164,"01/01/2023, 23:55:52","Stainless Steel Tri-Ply Base Pasta Cooker,Multipots With Draining Steamer Basket And Lid (6QT pasta pot) EA9SGKA‚Ä¶ https://t.co/m86so6DdEW",7,0,0,0
165,"01/01/2023, 23:55:40",Bowtie pasta makes everything look bad üò≠,1206,0,1,0
166,"01/01/2023, 23:55:34",@Nick_Smec @FrostActual @Italian347 @ArArtsakh Careful greaseball or I‚Äôll tell Trudeau to stop exporting Durhum whe‚Ä¶ https://t.co/Hl9GHAQDJd,65,0,10,1
167,"01/01/2023, 23:55:07",@neonullbeepboop TECHNICALLY still pasta but just gooier,2165,0,3,0
168,"01/01/2023, 23:54:43",me after 2 bites of my pasta https://t.co/DkXdKsPdj8,624,0,5,0
169,"01/01/2023, 23:54:27","@hannaween3 this is very italian-american of me, but pasta.",643,0,0,0
170,"01/01/2023, 23:54:22",@GuitarMed @Super70sSports What is ‚Äúpizza pasta‚Äù? And how is it ‚Äúcooked as normal bread‚Äù?,370,0,0,0
171,"01/01/2023, 23:54:08",@Top_G_PIRSONER @whenbatmenfly And pasta isn‚Äôt a carbohydrate,843,0,3,0
172,"01/01/2023, 23:53:51",House cleaned. Literally all we finna do is eat this pasta &amp; watch movies. Might throw some yoga in there,1406,0,0,0
173,"01/01/2023, 23:53:41",@pasta_mouse Read tht too lateüòµ‚Äçüí´,860,0,0,0
174,"01/01/2023, 23:52:57",@PASTA_PR3SS false,121,0,1,0
175,"01/01/2023, 23:52:34","@rb01234 @AlpacaAurelius No sauce and no pasta.

That's why fat Italians get fat.

Then they get jealous.

Fat delu‚Ä¶ https://t.co/x2pRrZSRsH",125,0,0,0
176,"01/01/2023, 23:52:12","Ordered a Cajun chicken and shrimp pasta, tgi better not let me down tonight, manifesting good food",1241,0,2,0
177,"01/01/2023, 23:51:42",@ThatsSoAyami pasta or maybe sushi? whats ur preference ü´∂,89,0,0,0
178,"01/01/2023, 23:51:06","@Liamfitzy87 @JerseyDevils27 @NJDevils To be fair, we could get Pasta for sure in the off season. He‚Äôs a free agent‚Ä¶ https://t.co/2VKlqL0fdW",173,0,1,0
179,"01/01/2023, 23:51:05","Gotta be honest 

I hate this. 

I hate this so much. It makes me so uncomfortable. Did they have to put sauce in i‚Ä¶ https://t.co/i7dRmAVHNg",115,0,1,0
180,"01/01/2023, 23:51:04",@TheLightSpeedz @BambulabGlobal @Polymaker_3D @rmrrf @Thangs3DSearch @J3D_Prints @PluralMakes @reprinted3D‚Ä¶ https://t.co/6CIY0BvYf3,111168,1,2,1
181,"01/01/2023, 23:50:58","@juke_box8 that's some dead pasta

I guess it-
*pasta* way",122,0,2,0
182,"01/01/2023, 23:50:41","Pasta making. Still not pretty, but a good start. https://t.co/gIE6pPlAUU",128,0,2,0
183,"01/01/2023, 23:50:40","2023
- Justin Hawkins and Sam Ryder üëè
- really good scrambled eggs
- very big nap
- cooked EXACTLY THE RIGHT AMOUNT‚Ä¶ https://t.co/Qx8tqUcrE8",639,0,0,0
184,"01/01/2023, 23:50:38","Pasta Maker, Electric Noodle Press Machine Spaghetti Pasta Maker Commercial Stainless Steel Dough Cutter Dumplings‚Ä¶ https://t.co/r1YJrCFtB4",6,0,0,0
185,"01/01/2023, 23:50:37",@ougiaurora creepy pasta,1009,0,1,0
186,"01/01/2023, 23:50:36",Commercial Table Top 2 Baskets LPG Pasta Cooking Machine Dual Hole Pasta Cooker Noodles Cooker Pasta Maker EILB5NE‚Ä¶ https://t.co/LcRx5AgdtR,11,0,0,0
187,"01/01/2023, 23:50:11",@TonyTodd54 Happy New Year!!! The pasta looks good!!!!! Enjoy!!!!,77,0,1,0
188,"01/01/2023, 23:50:06",I thought of this in Vee's comment section and I don't want a good pasta to go to waste. Here you go. https://t.co/QvZVMBMmet,32,0,0,0
189,"01/01/2023, 23:49:57","@pasta_mouse Lol felt it needed to be asked‚Ä¶ But rereading the statement, I see how things would end up muddy",6100,0,0,0
190,"01/01/2023, 23:49:48",also if you really want to give off tortured soul vibes then you can replace the ridiculously short sentence in fav‚Ä¶ https://t.co/iFaJUyHkqK,402,0,0,0
191,"01/01/2023, 23:49:43",Getting high and then eating a plethora of pasta ü§åüèº,171,0,2,0
192,"01/01/2023, 23:49:28","Instagram has only now decided to send me the notification for Pasta's video of JD, like 18 hours after he posted it lmao fix ur shit ig",1206,0,0,0
193,"01/01/2023, 23:49:21",pasta holding the pasta pasta!! https://t.co/opCuzP1aPv,549,0,13,1
194,"01/01/2023, 23:49:20",@rei_toka NOT THIS UFKCING COPY PASTA IM SO ILLLLLLL,451,0,1,0
195,"01/01/2023, 23:49:05",I LOVE MY FRIENDS ART‚ÄºÔ∏è‚ÄºÔ∏è‚ÄºÔ∏è,74,0,8,0
196,"01/01/2023, 23:48:57",Happy New Year from @RanneyAthletics girls BBall! Starting 2023 off with a pasta dinner from Olivia‚Äôs in Little Sil‚Ä¶ https://t.co/waSzajAKt4,244,0,13,2
197,"01/01/2023, 23:48:54","@NotEye_ @MorgothArc @LittenDraws pizza, pasta, put it in a box~",71,0,4,0
198,"01/01/2023, 23:48:54","Ronzoni SuperGreens Rotini Pasta, 12 Oz  Boxes (Set of 2) THKA4CD

https://t.co/8DMRtfOzqI https://t.co/vrbvoPN7Ql",14,0,0,0
199,"01/01/2023, 23:48:53","Wonder Noodles - Variety Pack, - Carb-Free, Keto Pasta - Gluten-Free, Kosher, Vegan, Zero Calories - ready to eat (‚Ä¶ https://t.co/5svgavsaCR",16,0,0,0
200,"01/01/2023, 23:48:48","Hearts of Palm Pasta Natural Heaven &amp; Palmini (Angel Hair, Linguine, Lasagna Noodles) Variety Keto Pasta Box - Low‚Ä¶ https://t.co/RSmks4uKdd",20,0,0,0
201,"01/01/2023, 23:48:48","Camp'Oro Le Aromatiche Black Squid Ink Tagliatelle Italian Pasta, Black Squid Ink, 17 6 oz LZ2QY4K‚Ä¶ https://t.co/P4Oga8ggx7",14,0,0,0
202,"01/01/2023, 23:48:48",tri color pasta night,1137,0,0,0
203,"01/01/2023, 23:48:47","Mantova Organic Pasta Paccheri Non-Gmo Durum Semolina Pasta Large Noodles, 1lb  Packages (Pack Of 6) - Imported fro‚Ä¶ https://t.co/skmJfyL6a9",30,0,0,0
204,"01/01/2023, 23:48:47","Italian Donne Del Grano Organic Zebra Bowties (Farfallini Magia Bianca) Colored Pasta, 8 8 Ounces, Pack of 4 NIWR8H‚Ä¶ https://t.co/obAQ3T01PW",9,0,0,0
205,"01/01/2023, 23:48:47",@wendeeluvz I don't eat any of this but pasta.,492,0,0,0
206,"01/01/2023, 23:48:46","Biona Organic - Spelt Pasta - Wholegrain Fusilli - 500g 675BTLT

https://t.co/Uk0lQdvEa6 https://t.co/BoF1CD4Y60",0,0,0,0
207,"01/01/2023, 23:48:43",I want to eat more pasta this year and expand my coffee tastes as well as different types of pastries,37,0,0,0
208,"01/01/2023, 23:48:27","Italian!! Love me some pasta, pizza, lasagna!  #SaveWarriorNun https://t.co/evoV71BSYw",119,0,1,0
209,"01/01/2023, 23:48:20",@trblhwng pasta is amazeballs,187,0,1,0
210,"01/01/2023, 23:48:04","@LauraLoomer Decades ago, Luther Vandross described an imaginary line up to which he could eat white foods (bread,‚Ä¶ https://t.co/EAgViRmrGm",3297,0,2,0
211,"01/01/2023, 23:47:38",Italy!! I made some pasta!! #HungaryBot,230,0,0,0
212,"01/01/2023, 23:47:36",WAKE UP,74,0,9,0
213,"01/01/2023, 23:47:30",Babe what's wrong? You've barely touched your Pasta made from Pasta statue https://t.co/lcnWvHaPII,77940,1,159,5
214,"01/01/2023, 23:47:25",@BukkitBrown I was playing Elden Ring while eating pasta salad from a plastic tub and drinking bourbon at midnight‚Ä¶ https://t.co/QZe2kQH9lv,284,0,0,0
215,"01/01/2023, 23:47:23","@JohnHRuiz I mean, I know how to make a red sauce. You looking for a red sauce recipe for pasta or one for enchiladas?",30543,0,5,0
216,"01/01/2023, 23:47:12",All this AI art stuff has reminded me of the fun creepy pasta concerning the uncanny valley and humanity having the‚Ä¶ https://t.co/06D9tXmED1,2144,0,28,0
217,"01/01/2023, 23:46:55",@pasta_mouse I'm really glad I met you too,382,0,0,0
218,"01/01/2023, 23:46:51",@norahmj_ @stessiee_c My mom does two kind of soup one with beef the other with chicken because of her health issue‚Ä¶ https://t.co/GD1PdVgNtx,115,0,1,0
219,"01/01/2023, 23:46:45",i wish Tank didnt give me anxiety I‚Äôd main Dva and Orisa so fast ü´†,16963,0,6,0
220,"01/01/2023, 23:46:40","I want pizza, pasta, and a boil bag lol",3005,0,0,0
221,"01/01/2023, 23:46:38",Meth bear jerseys for the winter classic tomorrow means time to pull out my first bruins jersey which was my dads o‚Ä¶ https://t.co/UDzGlv1eUg,498,0,2,0
222,"01/01/2023, 23:46:27",@fakeitoffline u can introduce foods in certain ways that will help! like the most common example is when ppl dont‚Ä¶ https://t.co/QzLJ9P6ouD,484,0,1,0
223,"01/01/2023, 23:46:23",".‚ÄÉ‚ÄÉüêî
‚ÄÉour sincere prototype
‚ÄÉ‚ÄÉ‚ÄÉ‚ÄÉ‚ÄÉ‚ÄÉ‚ÄÉ‚ÄÉüêÄ
‚ÄÉ‚ÄÉ‚ÄÉ‚ÄÉ‚ÄÉ‚ÄÉ‚ÄÉa hegemony
‚ÄÉ‚ÄÉ‚ÄÉ‚ÄÉ‚ÄÉ‚ÄÉ‚ÄÉüåé
‚ÄÉ‚ÄÉ‚ÄÉ‚ÄÉ‚ÄÉ‚ÄÉa storyteller
‚ÄÉ‚ö´
your pasta",141,0,0,0
224,"01/01/2023, 23:46:19",@Crafty_pasta The yummers,5,0,1,0
225,"01/01/2023, 23:46:02",@Daddy_Ursa this is wild üòÇ,16963,0,0,0
226,"01/01/2023, 23:45:59","@misty_horizons asiago on pasta,  although no proper cheese and cracker board yet.  We do that with the family at C‚Ä¶ https://t.co/vZAZkjhK7M",5,0,0,0
227,"01/01/2023, 23:45:50",Success pussy and pasta‚Ä¶‚Ä¶ https://t.co/UbXb4ufdTO,139,0,0,0
228,"01/01/2023, 23:45:50",Pasta sounds so good right now.,153,0,0,0
229,"01/01/2023, 23:45:45",@ChaoticGoodBoi sis? ü§¢ &amp; im shittin &amp; fartin,16963,0,0,0
230,"01/01/2023, 23:45:37","Cook the beef and noodles
Combine everything with the beef leaving half the cheese for topping adding some pasta wa‚Ä¶ https://t.co/J1rrujl8vp",5001,0,0,0
231,"01/01/2023, 23:45:10","@pasta_creator I mean, I assume that was just hyperbole, but these idiots truly don‚Äôt understand that no-one gives‚Ä¶ https://t.co/uvdnZTdxwr",2012,0,1,0
232,"01/01/2023, 23:45:04",@ShellyCocoaBun @pasta_mouse That's the blunt hittin yanno,40,0,1,0
233,"01/01/2023, 23:44:58",Dropped of my grandma from the airport. Told her I wasnt hungry and now im driving home with 8 bags of chicken and pasta to defrost lol,266,0,0,0
234,"01/01/2023, 23:44:56","Does anyone here know how to make ≈Åazanki noodles? (Belarusian: –ª–∞–∑–∞–Ω–∫—ñ, Lithuanian: skryliai) A type of pasta. It‚Ä¶ https://t.co/pBTrRR4WeJ",1003,0,7,1
235,"01/01/2023, 23:44:53","points at the pasta
im gonna fuck it",7,0,0,0
236,"01/01/2023, 23:44:48",@Zoyzeebo to many more pasta &amp; this is us nights in BB‚ù§Ô∏è‚Äçüî•‚ù§Ô∏è‚Äçüî•,43,0,1,0
237,"01/01/2023, 23:44:41",I cooked Garlic veggie Rotini Pasta &amp; it was bomb ü•∞,648,0,0,0
238,"01/01/2023, 23:44:29",@HelsleysBurner They lied to me and said it was mushrooms pasta bc I wouldn‚Äôt eat seafood unless they told me it was something else üòÇ,5956,0,1,0
239,"01/01/2023, 23:44:19",Lucchini sounds like a type of pasta https://t.co/779hUbszSv,256,0,0,0
240,"01/01/2023, 23:44:19","Pasta, Pane, Vino: Deep Travels Through Italy's Food Culture RMMKQ9H

https://t.co/QCc4Fdm7Gw https://t.co/p06KsRfrrH",9,0,0,0
241,"01/01/2023, 23:44:14","@PhilSlayden What amends? 

Maybe a full dinner set, bowls, side plates, dinner plates, serving platter, soup bowls‚Ä¶ https://t.co/WfXc26OgJ7",68,0,0,0
242,"12/27/2022, 05:33:44",i will never turn down pasta.,494303,1,1701,648
243,"12/30/2022, 14:08:14","LOL, the food pyramid actually told us to eat 6-11 servings of bread and pasta a day https://t.co/6Rwe6DdQmk",239392,0,3464,380
244,"01/01/2023, 14:30:30","Pasta knows how to do it up. üèí‚õ∏Ô∏è‚öæÔ∏è

#WinterClassic | @pastrnak96 https://t.co/nwMlFXBwpA",1608446,1,2154,295
245,"12/27/2022, 18:37:37","#Spain unveils ‚Ç¨10bn package of anti-inflation measures. Measures include extension of tax breaks, new aid for fami‚Ä¶ https://t.co/X9ghuQ84ak",291525,1,395,116
246,"01/01/2023, 22:52:43","Recipe ‚û°Ô∏è https://t.co/OCyG0RNfgH
Cheesesteak pasta skillet is easy, delicious and the perfect comfort food for a b‚Ä¶ https://t.co/FtR77OmAnM",32268,0,742,102
247,"12/27/2022, 02:00:10","This Italian sausage pasta is quick, comforting, and perfect for weeknights: https://t.co/rpnf16XbKr https://t.co/W2wn1nJmUJ",288215,1,606,79
248,"12/29/2022, 04:23:32",My depression manifests as me only making pasta with butter for every meal,19118,1,873,95
249,"12/29/2022, 04:28:28",Body built by pasta with butter,19118,1,471,86
250,"12/27/2022, 00:00:16","Lemon zest, lemon juice, Parmesan and basil come together for a silky and vibrant sauce that makes this weeknight-f‚Ä¶ https://t.co/28x4V6NqVq",54832259,1,938,72
251,"01/01/2023, 17:08:31",Pasta with the Papi logo and the Green Monster scoreboard on his Winter Classic stick and skates. https://t.co/pDFRtAi4EF,427215,1,963,64
252,"12/26/2022, 13:00:18","Before: I ate whole grains,  pasta, cereal, and many many fruits. I was pre-diabetic, obese and miserable

Now: I e‚Ä¶ https://t.co/bH78AhxScs",74504,0,480,44
253,"12/25/2022, 16:59:15",Pasta making tradition at Family Sangiuliano - de Witte. Happy Holidays everyone üéÑ‚ù§Ô∏è https://t.co/Q49pujuBTO,158686,1,1745,61
254,"01/01/2023, 19:32:39",Pasta made from Pasta takes on Fenway Park ‚öæÔ∏èüçù https://t.co/fxEalvsvN3,52081,1,954,52
255,"12/25/2022, 23:58:13","This is why its easy to get drastically healthier by ‚Äúcutting carbs‚Äù 

Top 10 sources carbs in the American Diet:
1‚Ä¶ https://t.co/NtnwiSCfad",74504,0,431,76
256,"12/28/2022, 19:00:08",Pasta Making Is So Mesmerizing https://t.co/mB5otZj0lc,2080153,1,283,69
257,"12/27/2022, 16:01:47","The Ethiopian government and allies in Afar and Amhara severely restricted the delivery of food, medicine, and serv‚Ä¶ https://t.co/uEyUQ5blAV",546376,1,290,396
258,"12/28/2022, 22:34:20",The winter storm in Buffalo has brought the city to a standstill with many vulnerable residents unable to access fo‚Ä¶ https://t.co/lWuBFnn554,266764,1,2500,343
259,"12/27/2022, 11:00:01",WATCH: üéµ Music on the streets: A food delivery rider earned praise from netizens after he uploaded a TikTok video o‚Ä¶ https://t.co/sfSLhko0Mt,767459,1,202,78
260,"12/30/2022, 05:14:29","Normal people pay for food delivery, Legends use @eatsurenow #EatSure",78117,1,106,134
261,"12/29/2022, 02:48:00",The U.S. joins allies and partners in calling on the Taliban to allow women to continue to play critical roles in h‚Ä¶ https://t.co/RvuGUzlfNZ,497000,1,369,94
262,"12/27/2022, 06:58:35",Food delivery rider died after modified PMD caught fire in HDB lift in first such case: Coroner's court‚Ä¶ https://t.co/qVG5qJPcOc,1233220,1,75,80
263,"12/27/2022, 08:39:32",S'pore food delivery rider finds piano at void deck &amp; jams 'Shape of You' on it effortlessly https://t.co/Nd756fMQjJ https://t.co/bkooLX4tH4,364980,1,344,93
264,"12/30/2022, 22:52:26",Revenue for food delivery services is expected to grow by over 9% annually and expected to reach over 45 billion do‚Ä¶ https://t.co/IsKXMTSh98,31423,1,253,78
265,"12/27/2022, 02:25:48",@DoombergT @nytimes The generosity of SBF and his team in tipping their food delivery locals with the FTX customer‚Ä¶ https://t.co/D8OdXQp2ub,602487,1,1135,100
266,"01/01/2023, 07:08:34",Streamers if food delivery apps didn‚Äôt exist https://t.co/C2FAsGPQ0A,321028,1,1121,66
267,"12/26/2022, 00:26:14","after losing:
my mattress
my first food delivery
my wireless mouse cord

I have officially moved into the new OTV h‚Ä¶ https://t.co/GG9v0JPhvC",880585,1,5774,27
268,"12/30/2022, 19:01:13","Careem has suspended food-delivery business in Pakistan.
#ŸÖ€ÅŸÜ⁄Øÿßÿ¶€å_ÿ≠⁄©ŸàŸÖÿ™€å_⁄à⁄æŸπÿßÿ¶€å https://t.co/69FyTDx0yq",79397,1,27,16
269,"12/29/2022, 12:37:10","""Unless [women] participate in aid delivery in Afghanistan, NGOs will be unable to reach the country's most vulnera‚Ä¶ https://t.co/DeaVlm6rkP",204968,1,53,19
270,"12/27/2022, 11:25:59",20-year-old law student arrested over death of food delivery executive in Noida after his motorcycle was hit by spe‚Ä¶ https://t.co/4m2NU4oOGg,4008398,1,315,21
271,"01/01/2023, 08:23:58",First day of the year and I can make it up to the top of the stairs and back down. Thank you Quilty family for a ki‚Ä¶ https://t.co/O9W04KeMex,100132,1,1273,21
272,"12/27/2022, 16:01:47","The Ethiopian government and allies in Afar and Amhara severely restricted the delivery of food, medicine, and serv‚Ä¶ https://t.co/uEyUQ5blAV",546376,1,290,396
273,"12/28/2022, 22:34:20",The winter storm in Buffalo has brought the city to a standstill with many vulnerable residents unable to access fo‚Ä¶ https://t.co/lWuBFnn554,266764,1,2500,343
274,"12/27/2022, 11:00:01",WATCH: üéµ Music on the streets: A food delivery rider earned praise from netizens after he uploaded a TikTok video o‚Ä¶ https://t.co/sfSLhko0Mt,767459,1,202,78
275,"01/01/2023, 23:54:17",@FLKDayton Lol. This is what I don‚Äôt order any food for delivery. The thought of anybody having my food open in their car is disgusting.,205,0,0,0
276,"01/01/2023, 23:52:02","@donortez Best food delivery @DefreshKitchen1 
Best response @AbiolaBlackdiva 
Best presentation @Hebonii25",1312,0,3,1
277,"01/01/2023, 23:50:39",KIBAGA Premium Insulated Food Delivery Bag XXL - 23x14x15 inches Waterproof Catering Supply Bag for Hot Food Delive‚Ä¶ https://t.co/pRIlYDUn67,15,0,0,0
278,"01/01/2023, 23:49:37",@BryanDMcNally @4AllSoulKind @DoodlesTrks hope all there food delivery is in those trucks,7,0,0,0
279,"01/01/2023, 23:48:10",#affiliate #socialmedia #business #deal #linkedin #digitalmarketing #affiliatemarketing #b2b #makemoney #earnmoney‚Ä¶ https://t.co/Fa2FgCLAmO,84381,0,0,0
280,"01/01/2023, 23:47:28",deleted my food delivery apps and deleting a bunch of subscriptions to stuff,222,0,2,0
281,"01/01/2023, 23:47:22",Delete the food delivery apps off your phone with me üß°,4666,0,8,2
282,"01/01/2023, 23:46:31",Delivery food incoming and I‚Äôm finally going to make myself watch knives out (2019) https://t.co/GKFRpyngKB,887,0,16,0
283,"01/01/2023, 23:40:43",@TG22110 If it has fast food delivery were done.üò≥,523,0,0,0
284,"01/01/2023, 23:40:02",JACO's BEST DELIVERY &amp; TAKE OUT FOOD: World Famous in Costa Rica! Jaco Top 10 Restaurant.. OVER 38 DIFFERENT GOURME‚Ä¶ https://t.co/ye4nnYq1KQ,20,0,0,0
285,"01/01/2023, 23:36:17",@mikepapaswan u stream brawlhalla bro.. dont waste ur time grinding these subscription campaigns... you think brawl‚Ä¶ https://t.co/fWtKSVpn8G,2657,0,7,0
286,"01/01/2023, 23:34:37","Chai you can see I love good food and creative presentation, you can hear the excitement in my voice as my seafood‚Ä¶ https://t.co/HIDzTkVyE7",10847,0,3,0
287,"01/01/2023, 23:30:12",Drug peddlers use food delivery partners‚Äô disguise to dodge cops https://t.co/VIDkMkUEU0,27804,1,0,1
288,"01/01/2023, 23:29:59",Will prevail of course it won't bother me I grow my own food I'm gonna do fine so go ahead stop the use of fossil f‚Ä¶ https://t.co/byH8nN3PTL,12,0,0,0
289,"01/01/2023, 23:28:51","@ey_pablo FK ALL DAT CHECK OUT $EATZ BRO

Food delivery type of service BUT based on crypto, just like wolt!

üü• REL‚Ä¶ https://t.co/fRimamTSTM",101,0,7,4
290,"01/01/2023, 23:22:01",Meijer received the battery electric semitrucks in December and celebrated their inaugural delivery with a more tha‚Ä¶ https://t.co/7puWnfXZaj,2260,0,7,0
291,"01/01/2023, 23:20:29","@garyvee DEGENERS CHECK OUT  $EATZ 

Food delivery type of service BUT based on crypto, just like wolt!

üü® CHART LO‚Ä¶ https://t.co/zUKgIXeZIW",101,0,7,6
292,"01/01/2023, 23:14:35",@MarchingWith7 We use Hello Fresh a good amount. The meals for four cost somewhere around $100/delivery (3x meals)‚Ä¶ https://t.co/XFvBstUKUU,763,0,1,0
293,"01/01/2023, 23:14:16",The delivery from KFC stole my food üò≠ I fight for at least 30 min bc they steal my fucking food,76,0,2,0
294,"01/01/2023, 23:12:20",@UberUKsupport who shuts down a conversation mod way through support. My friend had their order delivery cancelled‚Ä¶ https://t.co/V7SlHsHWVR,185,0,1,0
295,"01/01/2023, 23:10:06",@DannyBTalks I don't trust any food delivery service. Sounds like the customers are just as bad.,7,0,0,0
296,"01/01/2023, 23:09:46","@AltMasterRoshi BULLISH ON  $EATZ GUYS

Food delivery type of service BUT based on crypto, just like wolt!

üü® CHART‚Ä¶ https://t.co/fdgnpKBb76",101,0,9,7
297,"01/01/2023, 23:06:36",@necrobussy @Gross_Gorex @safsquatch old pic from when a delivery guy took a pic of the food in front of mr larsens door.,34,0,3,0
298,"01/01/2023, 23:05:41",If delivery drivers ring my doorbell they better be ready for these hands. Leave the food on the porch. The app wil‚Ä¶ https://t.co/opIrdatyZt,510,1,2,0
299,"01/01/2023, 23:01:47","@donortez Best food delivery: @Kikizkitchen_  
Best response : @Hebonii25 
Best presentation :@Hebonii25",195,0,2,0
300,"01/01/2023, 23:00:40",for the holidays i gave my neighbors 2 years worth of sauce packets i didn't use from my food delivery addiction,111,0,4,0
301,"01/01/2023, 22:59:04",Really says a lot about how shit the state of the food delivery market has gotten when Sk*pTheD*shes' website compl‚Ä¶ https://t.co/jurltcIFzq,40,0,0,0
302,"01/01/2023, 22:56:17","@CryptoPunkRich @Mineable_io BRO U HAVE TO CHECK OUT THIS MAN $EATZ

Food delivery type of service BUT based on cry‚Ä¶ https://t.co/awC7An46RO",101,0,10,8
303,"01/01/2023, 22:55:42","Pizza delivery guy tonight calls me ... ""Amy there's some dude on your porch with food"". üòÇüíØ",629,0,7,1
304,"01/01/2023, 22:55:41","Not a good way to start my year, food delivery not delivered, went 30 min with support and still unknown if im actu‚Ä¶ https://t.co/kMSVplP7iG",36,0,1,0
305,"01/01/2023, 22:50:16",@endlessmimosa I actually do think he has a job! But it's not really what she makes it sound like lol. Strongly thi‚Ä¶ https://t.co/PDXcYve4aA,72,0,3,0
306,"01/01/2023, 22:49:32","Reminder: PLEEEEASE remember to rate your delivery man when ordering food, they are our heroes, our light in the dark.",293,0,0,0
307,"01/01/2023, 22:49:21",I want more people who cook food in my life. I‚Äôm genuinely tired of the delivery aesthetic at social gatherings.‚Ä¶ https://t.co/PqS0oVDUHU,1612,0,1,0
308,"01/01/2023, 22:48:10",#affiliate #socialmedia #business #deal #linkedin #digitalmarketing #affiliatemarketing #b2b #makemoney #earnmoney‚Ä¶ https://t.co/vx5XhE7j8b,84381,0,0,3
309,"01/01/2023, 22:47:32",@kyliesparks The vape pen and delivery food beckon,18674,1,1,0
310,"01/01/2023, 22:46:34",Unless you're drinking. If you live in the suburbs you always pick up your food. Never delivery. That adds at least‚Ä¶ https://t.co/IW0UrI44PQ,198,0,0,0
311,"01/01/2023, 22:45:50","@FrankLambeek FRANK Dont Miss Out on $EATZ

Food delivery type of service BUT based on crypto, just like wolt!

üü® M‚Ä¶ https://t.co/345Aw8uoLi",101,0,10,6
312,"01/01/2023, 22:44:30",if i workd for food delivery i would saMple everything !,3169,0,18,1
313,"01/01/2023, 22:44:01",‚≠êÔ∏è‚≠êÔ∏è‚≠êÔ∏è‚≠êÔ∏è‚≠êÔ∏è‚ÄùJust the ticket. Never used the food parcel service before but was the perfect gift for friends. Communi‚Ä¶ https://t.co/S6dmV7dQJh,1576,0,1,0
314,"01/01/2023, 22:39:41",@OfficialVoyage I was up all night trying to order food delivery from closed restaurants. üò©,2775,0,1,0
315,"01/01/2023, 22:35:01","@MattWallace888 GUYS CHECK OUT $EATZ

Food delivery type of service BUT based on crypto, just like wolt!

üü• RELEASI‚Ä¶ https://t.co/JIFEW1V3qE",101,0,10,1
316,"01/01/2023, 22:34:01","Also, study finds - the UK's addictive eating crisis is out of control. There were over 10,000 times the online del‚Ä¶ https://t.co/RifKJImKi8",37302,0,4,0
317,"01/01/2023, 22:31:33","@inversebrah Bro CHECK OUT $EATZ

Food delivery type of service BUT based on crypto, just like wolt!

üü• RELEASING A‚Ä¶ https://t.co/P5IQKrETPi",101,0,0,0
318,"01/01/2023, 22:25:19","I need to search whether Calif has such a law clearly defined.

Self-insertion-delivery @$$#()/3$ are a main reason‚Ä¶ https://t.co/YqeF5S73UD",378,0,0,0
319,"01/01/2023, 22:22:11",One of my resolutions is no more food delivery apps. We getting snatched and stacking paper all 2023 okay,1203,0,19,2
320,"01/01/2023, 22:19:00","@donortez Best food delivery   - @AbiolaBlackdiva 

Best food response‚Äî- @AbiolaBlackdiva 

Best food presentation‚Ä¶ https://t.co/hi1Yg8vMLl",162,0,3,3
321,"01/01/2023, 22:15:05",@primusgendered Them: hahaha no tip? You're morally obligated to. Delivery people should fuck with your food if you‚Ä¶ https://t.co/QllAbJtO5k,352,0,5,0
322,"01/01/2023, 22:14:30","Food delivery aggregators saw a busy Saturday on New Year's Eve, with #Zomato CEO Deepinder Goyal himself serving a‚Ä¶ https://t.co/0CO5EYst6f",132,0,1,0
323,"01/01/2023, 22:11:28","@donortez Best food delivery @DefreshKitchen1 
Best response @AbiolaBlackdiva 
Best presentation @Hebonii25",1312,0,2,1
324,"01/01/2023, 22:10:39","@donortez Best food delivery @DefreshKitchen1 
Best response @AbiolaBlackdiva 
Best presentation @Hebonii25",3732,0,2,1
325,"01/01/2023, 22:10:32",Food was soooo good! Mad I couldn't finish it because this baby won't let me be great...üôÑ. Cheers to a Healthy Baby‚Ä¶ https://t.co/g45v9PKMoO,218,0,0,0
326,"01/01/2023, 22:10:00","Washington residents have come to depend on reliable food delivery, while independent workers rely on flexible sche‚Ä¶ https://t.co/xarO5lK8a3",633,0,3,0
327,"01/01/2023, 22:07:52","I said food vendor...not food stuff

Wait wait so everyone chosen sells data....now we will do food vendors s kecti‚Ä¶ https://t.co/vG981cD21j",3931,0,60,27
328,"01/01/2023, 22:06:21","With digital disruption set to intensify even further, @AccentureSong‚Äôs Ramesh Rajandran shares how we collaborated‚Ä¶ https://t.co/8TpAzOj9Ao",38,0,0,0
329,"01/01/2023, 22:03:25","@donortez Best food delivery @OritsFavour1 
Best response @Rhodahmi 
Best presentation @dennissignature @AbiolaBlackdiva",1312,0,2,2
330,"01/01/2023, 22:01:31","@donortez Best food delivery @Rhodahmi 
Best response @OritsFavour1 
Best presentation @dennissignature",3732,0,4,2
331,"01/01/2023, 21:58:30","@donortez Best food delivery @OritsFavour1 
Best Response @Rhodahmi 
Best Presentation @OritsFavour1",16382,0,5,2
332,"01/01/2023, 21:58:29","@MajorManifest @EwingLesley @saanich @EsquimaltBC And food delivery trucks, and fire trucks, and police cars, and ambulances.",586,0,0,0
333,"01/01/2023, 21:57:19","@donortez Best food  delivery @OritsFavour1
Best presentation @OritsFavour1",417,0,2,1
334,"01/01/2023, 21:56:43",just googled if food delivery was a thing in the 40s and ended up finding this awesome piece of art from then on r/‚Ä¶ https://t.co/eENYKnjbco,260,0,1,0
335,"01/01/2023, 21:53:55",Idea for 2023: a dating app where dudes have to send me food delivery before they‚Äôre allowed to message me,417,0,6,0
336,"01/01/2023, 21:52:02",Dear people who order food/groc. etc. 4 delivery.  We drive but the Co. takes a % of what you‚Äôre charged for delive‚Ä¶ https://t.co/WjxzYHLV1H,23,0,0,0
337,"01/01/2023, 21:48:10",#affiliate #socialmedia #business #deal #linkedin #digitalmarketing #affiliatemarketing #b2b #makemoney #earnmoney‚Ä¶ https://t.co/vcTKHUmoMb,84381,0,0,0
338,"01/01/2023, 21:47:05","@ubereats_uk Paid for priority delivery and I'm watching the guy drive all over town with it, currently waiting for‚Ä¶ https://t.co/z9XVjKVrSd",201,0,0,0
339,"01/01/2023, 21:46:15",SafeWork NSW are reminding food delivery riders to adhere to the new safety laws that came into effect at the begin‚Ä¶ https://t.co/e2EqfMTAUA,13,0,0,0
340,"01/01/2023, 21:41:58",@VickiPlatt5 @woolworths So much for the Fresh Food People but it goes back to the person. making up the home deliv‚Ä¶ https://t.co/YCLPTotuos,11,0,0,0
341,"01/01/2023, 21:40:52",@tacobell my wife ordered food for dinner last night through the Taco Bell app. It was picked up but never delivere‚Ä¶ https://t.co/OeOhEq5kvw,691,0,0,0
342,"01/01/2023, 21:38:48",@ChristineVinard These days EVERYONE delivers just use one of the many food delivery companies.,104,0,0,0
343,"01/01/2023, 21:38:44","successfully completed 2022 still never having used door dash or uber eats or any other food delivery service, let‚Äô‚Ä¶ https://t.co/s6qbMYvh6R",805,0,6,0
344,"01/01/2023, 21:37:56","Kickstart the first Sunday of 2023 with delicious Indian food ü§ó 
#Quickllyit 

Free Delivery‚Ä¶ https://t.co/fJakj4gNxH",157,0,0,0
345,"01/01/2023, 21:37:01",@Deliveroo Food order confirmed at 8.01pm with 35 minute delivery schedule. 9.33pm cold food arrives after two call‚Ä¶ https://t.co/gkhDKc1C5x,38,0,0,0
346,"01/01/2023, 21:31:58",food \\ torn btwn saving money and doing some new year celebration dinner delivery. hungery but also budgety.,39,0,0,0
347,"01/01/2023, 21:30:00","Food delivery aggregators saw a busy Saturday on New Year's Eve, with #Zomato CEO Deepinder Goyal himself serving a‚Ä¶ https://t.co/4rzGDEgybp",8686752,1,166,9
348,"01/01/2023, 21:29:07",Logical and more transparent to know that delivery associates of food and home supplies are now handling more order‚Ä¶ https://t.co/lOqqcVFbL3,140,0,1,0
349,"01/01/2023, 21:28:32","#NoSolution Afghanistan is going though critical food insecurity int he middle of winter. Meanwhile, the venerable‚Ä¶ https://t.co/sgkvSoDF2h",1312,0,4,1
350,"01/01/2023, 21:28:28","@BriannaWu My Chinese food delivery guy would be ideal, but I'd settle for Elon.",18,0,1,0
351,"01/01/2023, 21:27:52","The hunger walk for food is much more difficult than ordering delivery, but My nose knows what‚Äôs best ‚ô®Ô∏è",11001,0,8,1
352,"01/01/2023, 21:23:08","@ZoombaLemur I way too willing to pull off unwilling, I always feel like my line delivery is super forced and theat‚Ä¶ https://t.co/QQDmC7wdo8",387,0,2,0
353,"01/01/2023, 21:19:03",01 Freightliner P700 Step Van MT45 Fedex Food Delivery Truck https://t.co/1vmIzGsOto eBay https://t.co/exncpmUsDH,62,0,0,0
354,"01/01/2023, 21:17:08",@AlanCrawford19 I am doing delivery and it's food. Kids are cranky when hungry.,13201,0,0,0
355,"01/01/2023, 21:12:28",See example of roads to every farm here and think of possible delivery time through our food value chain in Nigeria‚Ä¶ https://t.co/yjcLejCgZU,14035,0,3,0
356,"01/01/2023, 21:08:00","Higgins Sunburst Conure Bird Food, Gourmet Blend with Fruits &amp; Veggies, 3 lb  Bag Fast Delivery, by Just Jak's Pet‚Ä¶ https://t.co/18bKBav5Lt",24,0,0,0
357,"01/01/2023, 21:07:02",Uber Eats revealed customers' most hilarious special delivery requests https://t.co/xKQORK63wB,269461,1,1,0
358,"01/01/2023, 21:06:43","@JoJoFromJerz Footballüèà, food delivery and wine üç∑ https://t.co/DO2wTDGPhf",2466,0,0,0
359,"01/01/2023, 21:04:54","@ThatonePanMan My kind of turducken tbh
Order even more food and stuff the other delivery guys and food into the first",3439,0,1,0
360,"01/01/2023, 21:04:52","@primusgendered @PunishedGramsci Nah. You don't. Not in the current system we live in. If you can't tip, don't orde‚Ä¶ https://t.co/IAu2HljNZV",610,0,1,0
361,"01/01/2023, 21:01:03",Uber Eats revealed customers' most hilarious special delivery requests https://t.co/vWoSM41kAk,174996,1,0,0
362,"01/01/2023, 20:59:02",Uber Eats revealed customers' most hilarious special delivery requests https://t.co/1Cu7fzIrKc,156630,1,1,1
363,"01/01/2023, 20:59:02",Uber Eats revealed customers' most hilarious special delivery requests https://t.co/W03fb1mxSa,361871,1,0,0
364,"01/01/2023, 20:58:55",Please sir my food delivery suspended https://t.co/0lyQ63WdIV,0,0,0,0
365,"01/01/2023, 20:58:50",Happy new year guysüéÜüéä. Just some design I‚Äôm currently working on. Full code on my GitHub. Food delivery app.‚Ä¶ https://t.co/6M8SGqYvwG,81,0,19,4
366,"01/01/2023, 20:56:15","@Dezelyy1 So lame. That‚Äôs one difference between the players that have a chance to make their living off of this, a‚Ä¶ https://t.co/gb7fTnd0Ka",37,0,1,0
367,"01/01/2023, 20:56:05","2: If your UberEats delivery is late try this neat trick: get off your fat arse and go and get your own food, you l‚Ä¶ https://t.co/gA5ozGbXVi",509,0,5,0
368,"01/01/2023, 20:55:02",Uber Eats revealed customers' most hilarious special delivery requests https://t.co/17AOh6RKR6,149607,1,3,1
369,"01/01/2023, 20:54:03",Uber Eats revealed customers' most hilarious special delivery requests https://t.co/c8ERW7VUDu,190635,1,0,0
370,"01/01/2023, 20:50:02",Uber Eats revealed customers' most hilarious special delivery requests https://t.co/0Ojb3gDFBu,135252,1,0,1
371,"01/01/2023, 20:50:02",Uber Eats revealed customers' most hilarious special delivery requests https://t.co/uGHH3QCu8V,877,0,0,0
372,"12/31/2022, 18:32:30","Natural remedies for fighting cold and flu this winter and homemade turnip soup recipe   ü•£

https://t.co/TsqG4QwMum https://t.co/146egQRu6X",318193,0,152,49
373,"01/01/2023, 23:52:34",If you never cook for yourself or only eat fast food maybe incorporate 1-2 healthier frozen items per week. Or 1 easy homemade meal per week,261,0,2,1
374,"01/01/2023, 23:50:03","[homemade] caramelized onion bruschette 
 
#Food
 
https://t.co/kKNtJJEJQ6 https://t.co/w0p16tuMBZ",16837,0,0,0
375,"01/01/2023, 23:44:37","The best way to feed your dog is by giving them homemade food. This recipe is simple, healthy, and will keep your d‚Ä¶ https://t.co/RbL3EQvsdx",13,0,0,0
376,"01/01/2023, 23:44:37","The best way to feed your dog is by giving them homemade food. This recipe is simple, healthy, and will keep your d‚Ä¶ https://t.co/oRao2Fxt1P",182,0,0,0
377,"01/01/2023, 23:44:32",Making some homemade street tacos and nachos tonight to put myself in food coma by halftime of my ravens games so I don‚Äôt have to suffer.,310,0,0,0
378,"01/01/2023, 23:44:03","I really love having Italian heritage. Homemade Italian food is usually different than Italian restaurants, and usually better.",1692,0,3,0
379,"01/01/2023, 23:40:38","https://t.co/6nYLNNM4XQ Wisconsin Judge: People Can Sell Candy, Cakes, Cookies Without License: A Dane County judge‚Ä¶ https://t.co/usmFcITgTG",849,0,2,0
380,"01/01/2023, 23:32:26","@Sabrina75553331 Our community is Very DIVERSE ,so we had all kinds of requests once even for all Vegan( they were‚Ä¶ https://t.co/rbjysEmEt7",740,0,1,0
381,"01/01/2023, 23:32:20","@reedpackof5 @savanah2j Not a Sheetz kinda person myself, but our son is. We find it so funny that he eats gas stat‚Ä¶ https://t.co/HsbqVgsgG6",388,0,2,0
382,"01/01/2023, 23:27:01","Steak, eggs, potatoes, and jamon [homemade] 

https://t.co/CfrcHIHvaD

#food #foodporn #foodie #cooking‚Ä¶ https://t.co/7F99YNBQU7",21,0,0,0
383,"01/01/2023, 23:26:15","The evolution of Almond Butter Cookies! üå±üç™üç∞ 

#Homemade #Food #Dessert #Cookies #Mango #Cheesecake #Vegan‚Ä¶ https://t.co/RghkHtW74w",0,0,1,0
384,"12/31/2022, 18:32:30","Natural remedies for fighting cold and flu this winter and homemade turnip soup recipe   ü•£

https://t.co/TsqG4QwMum https://t.co/146egQRu6X",318193,0,152,49
385,"12/27/2022, 04:04:56","[üì∑ MARK SHOTS]

Met a cutie during our dinner üòçüê∂

#MarkTuan #Mark 
#ÎßàÌÅ¨ #ÊÆµÂÆúÊÅ© 
@marktuan https://t.co/eMp0wwVdv6",670288,1,29802,14917
386,"12/31/2022, 04:31:37","Deb &amp; I are so sad that Barbara Walters passed away. She was a trail blazer, wickedly funny, generous, open hearted‚Ä¶ https://t.co/MnDLpu6rlw",15026242,1,19787,898
387,"12/28/2022, 22:58:12",‚ÄúHunter‚Äôs laptop and other evidence show Biden‚Äôs record of converting his public office into private gain. So it is‚Ä¶ https://t.co/h7tzK57VFi,2001665,1,940,346
388,"01/01/2023, 23:59:59","If only I was good at drawing vore, could've drawn myself having a delicious New Year's dinner~
Or being one, would‚Ä¶ https://t.co/wslMbwMXqB",2152,0,11,0
389,"01/01/2023, 23:59:57",@IvanZigarevich @WDWNT @DisneySprings Thank you for the feedback! Please let us know how we can improve your last dinner experience.,4854,0,0,0
390,"01/01/2023, 23:59:57","(Not Parody)
I hope everyone has a good new year I'm not optimistic however. Maybe we'll get lucky this time. Now t‚Ä¶ https://t.co/T8UM07fnot",369,0,0,0
391,"01/01/2023, 23:59:55",can‚Äôt make my new year dinner cuz now I wanna be sick üòí,750,0,0,0
392,"01/01/2023, 23:59:51",@marubiconn @remotejoeclark @_ZoZo_App @bes_ofthebest I fit that in right before dinner!,862,0,1,0
393,"01/01/2023, 23:59:49",Had dinner with my mom and she gon say she not gonna be here for Mother‚Äôs Day AND going out the country on MY birthday,2114,0,0,0
394,"01/01/2023, 23:59:48","@culturaltutor So, does that mean we shouldn't go out for dinner tomorrow?",82,0,0,0
395,"01/01/2023, 23:59:45",NYD Dinner: Stuffed Shells! One last fatty carb meal before counting macros again tomorrow ü•π,1102,0,1,0
396,"01/01/2023, 23:59:44",Ham beans potatoes greens that's what for dinner,2,0,1,0
397,"01/01/2023, 23:59:43",@shxtou Mmmm dinner i mean what-,8,0,1,0
398,"01/01/2023, 23:59:43","@markyzaguirre @lexfridman Despite the failure of female representation, it is an admirable endeavor. Most of them‚Ä¶ https://t.co/mNXNY5VlEW",3167,0,1,0
399,"01/01/2023, 23:59:43","@EdMapes1 Ed, sounds a real dinner feast. I bet the T-Bone steaks weren't cheap? @EdMapes1",11383,0,0,0
400,"01/01/2023, 23:59:42",Prime CEOs from Elon Musk and Tim Cook dinner to David Soloman and Jamie Dimon tackled return-to-office struggle in‚Ä¶ https://t.co/T4W9ONElpq,5231,0,0,0
401,"01/01/2023, 23:59:41","""HUAHH-HA-HA. Enjoy your dinner.""",6,0,0,0
402,"01/01/2023, 23:59:40",Prime CEOs from Elon Musk and Tim Cook dinner to David Soloman and Jamie Dimon tackled return-to-office struggle in‚Ä¶ https://t.co/t8H2cd8zdj,18429,0,0,0
403,"01/01/2023, 23:59:38","Day 1: 500

Steps: 5k

WIA: 1 slice toast, 1 tea, rice and noodles for dinner and a little bowl of cereal. i forgot‚Ä¶ https://t.co/kkLijCwUwD",1702,0,3,0
404,"01/01/2023, 23:59:37",i think i need to top off my new year‚Äôs day with a panera dinner,20,0,3,0
405,"01/01/2023, 23:59:32","Death at the Dinner Party: The Adam and Eve Mystery Series, Book 2 0VJCXD4

https://t.co/K6JDgeSzQl https://t.co/YwwGBUmyA9",8,0,0,0
406,"01/01/2023, 23:59:30","His new year resolution: be a better butler to his cat!
(good night feedin...)
#HeHe 

#feeding #cat #cats‚Ä¶ https://t.co/D7ysnXa9Xf",1741,0,3,1
407,"01/01/2023, 23:59:28","Linkers took a nap, so I took a nap. Drinking tea while playing and watching Bluey while brainstorming dinner ideas https://t.co/mseIlxmDXR",311,0,4,0
408,"01/01/2023, 23:59:28","@smorganmoore Full of resolutions, muddy fields, board games, roast dinner, James Bond and Dr Who. Oh, and a bit of Elite as well. üêíüòÅ",86,0,1,0
409,"01/01/2023, 23:59:26","481 days to go:

Todays has been a positive start, 1st day of the year and 1st day on slimming world. Started with‚Ä¶ https://t.co/OJJwyDAl24",0,0,0,0
410,"01/01/2023, 23:59:24","Me: ""I'm socially very burned out and I'm not coming to New Years Dinner, so I can recharge. Please go without me.""‚Ä¶ https://t.co/nNh1GFF7xa",1313,0,15,1
411,"01/01/2023, 23:59:23","@KhaleedSZN_ Yeah, after I took this girl on a dinner dateüòÇ",133,0,0,0
412,"01/01/2023, 23:59:20",@JujuSaiyan about to make dinner,399,0,0,0
413,"01/01/2023, 23:59:18","Well, that dinner party got really awkward. #TwilightZoneMarathon",413,0,7,0
414,"01/01/2023, 23:59:17",I‚Äôm drunk and I still cooked Sunday dinner ü•¥üòÇ,361,0,0,0
415,"01/01/2023, 23:59:14",Happy new year 2023. Dinner  e Alwatan kabob Sooo yummyüòãüòã https://t.co/a6CAsaWKEu,5156,0,8,2
416,"01/01/2023, 23:59:14",@cleancitybird @_KylieJender Yikes. Let's get dinner and be judgy about dating profiles üòÇ,12428,0,3,0
417,"01/01/2023, 23:59:12",Mom making dinner when she gets home but im hungry now this is truly a problem,186,0,6,0
418,"01/01/2023, 23:59:12",New year dinner https://t.co/qduTqAZfCD,225,0,6,0
419,"01/01/2023, 23:59:09",Pitting my parents against each other at dinner tonight. The topic: drag queen story time,123,0,7,0
420,"01/01/2023, 23:59:08","@NEWSMAX Hutchinson will be our next president, Biden will never  lie again, Whoopie will have a Jewish family over‚Ä¶ https://t.co/WZHDvebSwW",9,0,0,0
421,"01/01/2023, 23:59:07",Cannot stop laughing at the fact that I fully took off a piece of my pinky with a mandolin prepping dinner,283,0,0,0
422,"01/01/2023, 23:59:04","„ÄêPopular No.1 Topics in United States of America!„ÄëHenry Winkler Explains Patrick Mahomes Bromance, We're Doing Dinn‚Ä¶ https://t.co/4pCiIhJRBC",2699,0,1,0
423,"01/01/2023, 23:58:58","Worked, went food shopping, put food away, washed lee, went over vocabulary words with lee, &amp; now time to make dinner üò´",867,0,1,0
424,"01/01/2023, 23:58:56","@chrisdimino You get to have dinner with one musician, one athlete and one politician‚Ä¶anyone, alive or dead for all‚Ä¶ https://t.co/xYndcbopuN",28124,0,25,0
425,"01/01/2023, 23:58:52","New Year dinner- chicken biryani üòçüòçüòç

Don‚Äôt miss the reflection of the setting sun.

*ignore the box with tobacco a‚Ä¶ https://t.co/C4T5vSLRCa",7198,0,40,0
426,"01/01/2023, 23:58:49",buffalo chicken mac from noodles and company for dinner https://t.co/DelLghqf5Y,156,0,1,1
427,"01/01/2023, 23:58:45",@MissyStew31411 10 year old boys? They make all kinds of noises. I once thought the real John Wayne was having dinn‚Ä¶ https://t.co/yazViFqa7e,3136,0,6,0
428,"01/01/2023, 23:58:42",Check out Partial Bawo &amp; Dotter Elite Works Limoges Dinner Set 5 Dinner 5 Salad 5 Butter  https://t.co/LmQ0HbMZTv #eBay via @eBay,678,0,0,1
429,"01/01/2023, 23:58:38",Dinner break then pray alm and Celica don‚Äôt get hit by the dragon laser piss beam,192,0,3,1
430,"01/01/2023, 23:58:37","@MVGNETlSM ùëÆùíäùíàùíàùíçùíäùíèùíà ‚Äî
     I‚Äôm also rather impatient , so I suggest you hurry with your dinner ~",216,0,0,0
431,"01/01/2023, 23:58:35",Is dinner ready? https://t.co/8wzGJIy9xi,4433,0,5,0
432,"01/01/2023, 23:58:29","#Ë∂≥ÁêÉ  #ÁôæÂÆ∂‰πêhttps://t.co/I9vLonmofE
Forward dinner move speak.
üòÑüòÄüíØüòÜüí´",20,0,0,0
433,"01/01/2023, 23:58:28",Found some potatoes so I'm making some baked potatoes for dinner!!!!,41,0,0,0
434,"01/01/2023, 23:58:27","epic date last night: he made me dinner and then we watched twilight and I laughed so hard I cried, fooled around a‚Ä¶ https://t.co/aXqz92JQ5j",29,0,1,0
435,"01/01/2023, 23:58:27",Though I might take a break at some point to eat dinner... üòÖ,81,0,1,0
436,"01/01/2023, 23:58:21","Last meal of 2022 was a salad and grilled chicken, first meal of 2023? Also salad and grilled chicken. 

For dinner‚Ä¶ https://t.co/irCynncg15",605,0,2,0
437,"01/01/2023, 23:58:20","I should find time to five times.
I need to dinner last night with me.
I am not a special needs more than 8 hours of alarm",32,0,0,0
438,"01/01/2023, 23:58:20","Addendum:

I will begin measuring and posting my sugar levels and blood pressure at breakfast, lunch, and second dinner.",2,0,0,0
439,"01/01/2023, 23:58:19",@PunCMD How about fish tacos for dinner?,10924,0,3,0
440,"01/01/2023, 23:58:16",All base ingredients strained. All others added. Coming along well. #NewYearsDay #dinner. https://t.co/65UHQxawh2 https://t.co/gYRXnNOj2J,1187,0,3,0
441,"01/01/2023, 23:58:12",My house is clean &amp; smells great‚ùóÔ∏è‚ò∫Ô∏èüå∏ Sunday dinner is cooked &amp; my kids‚Ä¶ they‚Äôre enjoying the fruits of my labor ü•¥üòÇü•∞,825,0,0,0
442,"01/01/2023, 23:58:12",Had leftover bbq for dinner last night. Having homemade tacos for dinner tonight x,937,0,0,0
443,"01/01/2023, 23:58:10","@kooliawrld heyy i went to church which was okay, did nothing bc i stayed up til 3am watching the sm concert and ne‚Ä¶ https://t.co/uNWRYf3Ay3",1080,0,0,0
444,"01/01/2023, 23:58:10","questions to see if u are friend or foe:

-plan a menu for nye dinner party
-plan a K-12 homeschool curriculum
-ran‚Ä¶ https://t.co/DhFnGCBVN5",784,0,6,0
445,"01/01/2023, 23:58:08","new years dinner    bioshock
with my family         video essay https://t.co/BOAf7imi6F",132,0,8,0
446,"01/01/2023, 23:58:05",Toxic Dinner Sesh https://t.co/Ba3Na3HSAz,318,0,3,0
447,"01/01/2023, 23:58:02","My new years day dinner, bears a striking resemblance to my Christmas lunch üòã #veganfood  #plantbased https://t.co/tg7udHYdyQ",1520,0,15,1
448,"01/01/2023, 23:58:02",@9inenine Primal animals have dinner.,46,0,1,0
449,"01/01/2023, 23:57:59",i remember when we had sleep for dinner,4085,0,0,1
450,"01/01/2023, 23:57:57","@LumberLaw @HoegLaw Thanks for the update, Rob. Really appreciate it. Still sending special positive vibes to Rick‚Ä¶ https://t.co/WtjIvdLYMN",2237,0,5,0
451,"01/01/2023, 23:57:54","@bria_110 I‚Äùll make dinner, you go relax.",65,0,1,0
452,"01/01/2023, 23:57:47",big mac for breakfast and seafood boil from a buffet for dinner 2023 is about listening to my body,116,0,9,0
453,"01/01/2023, 23:57:46",Taking a leaf from @mcdonnelljp and posting today's dinner at Kahlo Restaurant Sta Cheresa Terme https://t.co/7eha1MCk55,574,0,0,0
454,"01/01/2023, 23:57:45",what the fuck is for dinner,321,0,0,0
455,"01/01/2023, 23:57:39",Time for fancy New Year's dinner including saffron I grew and picked myself (mixed with store bought) https://t.co/jl2BGVOOZs,3388,0,4,0
456,"01/01/2023, 23:57:37","@Ladyyy_Solomon Indulge me to take you on a day or two treat ie breakfast, lunch and dinner",4,0,0,0
457,"01/01/2023, 23:57:36",Ima be real sexy at dinner tonightüí¶,1752,0,1,0
458,"01/01/2023, 23:57:36","Dinner tonight and lunches for the week, huzzah. https://t.co/xAvYdzfABq",4295,0,17,0
459,"01/01/2023, 23:57:32",PSA: start your dinner bitches. #90DayFiance,365,0,1,0
460,"01/01/2023, 23:57:24","Turkey Wings in Gravey, White rice, Cabbage, Cheesey Scallop Potatoes &amp; Honey Butter Corn Bread for dinner.
#HappyNewYear",283,0,2,0
461,"01/01/2023, 23:57:22",At dinner at my parents‚Äô house and this college student my stepmom sponsors is here for some reason. Feeling the ur‚Ä¶ https://t.co/t9uND7cqVn,63,0,0,0
462,"01/01/2023, 23:57:17",My mom came in my room and offered me 6 dollars to make dinnerüò≠,178,0,1,0
463,"01/01/2023, 23:57:16",Leapfrog roasted chicken with @KerrygoldUSA butter for the first dinner of world carnivore month. https://t.co/3syr67VFIH,5969,0,10,0
464,"01/01/2023, 23:57:15",My dinner was so goodüòã,209,0,0,0
465,"01/01/2023, 23:57:11",@SinnerGrim99 I just ate dinner probably gonna be hungry later more then likely,230,0,1,0
466,"01/01/2023, 23:57:07",Hosted our first new years dinner tonight so made mint aero cheesecake for dessert and it was AMAZIN ü§™ https://t.co/aKmoq60DcS,864,0,3,0
467,"01/01/2023, 23:57:06","First dinner of 2023 was awesome!  Brisket, ribs and baked beans!  Meat seasoned with #ThereinLiesTheRub‚Ä¶ https://t.co/OjP9Vw4Iae",2820,0,16,4
468,"01/01/2023, 23:57:05","PEDIGREE Chopped Ground Dinner Adult Canned Soft Wet Meaty Dog Food Filet Mignon Flavor &amp; With Beef Variety Pack, (‚Ä¶ https://t.co/fPsEvfeJdt",6,0,0,0
469,"01/01/2023, 23:57:04",Dinner is served https://t.co/8x5fuUWuBQ,75,0,0,0
470,"01/01/2023, 23:57:04",FIGURING OUT WHATS FOR DINNER..LOOKS LIKE RAMEN AND SAUSAGE.,0,0,0,0
471,"01/01/2023, 23:57:02","Oops it‚Äôs midnight I forgot to make dinner 

Waffles it is I guess lmao",63,0,3,0
472,"01/01/2023, 23:57:00","2022‚Äôs best and worst dinner guests: Elon Musk and SBF 

https://t.co/NuL1FycX29 

#breaking #news",2873,0,0,0
473,"01/01/2023, 23:56:59",My residents get wild asf on Sunday evenings after dinner. üò©,540,0,0,0
474,"01/01/2023, 23:56:57","Pizza, not casserole, for dinner tonight. https://t.co/n4ACrHCuM1",9170,0,108,0
475,"01/01/2023, 23:56:55","(Food) We also had fries drenched in crab dip, then ahi tuna smothered in sesame, teriyaki sauce and crab bits for‚Ä¶ https://t.co/o3gl2d69df",2631,0,6,0
476,"01/01/2023, 23:56:53",@Triplication_ Had some odd luck just now in realistic. But had to stop because dinner/drama.,369,0,1,0
477,"01/01/2023, 23:56:52",@thebittersnake Pancakes for dinner,1522,0,1,0
478,"01/01/2023, 23:56:52",@gillmenoww @bluntswoter and and and... what are they having for dinner? üëÄ (I'm sorry I'm nosy),518,0,5,0
479,"01/01/2023, 23:56:48",I‚Äôm on dinner break at work. My daughter sent pic of my dog. WTH . She‚Äôs so spoiled.üòÜ https://t.co/wJEynfPwfc,960,0,21,0
480,"01/01/2023, 23:56:43",i‚Äôm dead bro we had a brunch dawat at our house and the guests haven‚Äôt left so now we‚Äôre having dinner togetherüíÄüíÄüíÄ,1084,0,73,1
481,"01/01/2023, 23:56:42",@VeggyWeggyUwU at least take my to dinner first ü§®,240,0,0,0
482,"12/27/2022, 04:04:56","[üì∑ MARK SHOTS]

Met a cutie during our dinner üòçüê∂

#MarkTuan #Mark 
#ÎßàÌÅ¨ #ÊÆµÂÆúÊÅ© 
@marktuan https://t.co/eMp0wwVdv6",670289,1,29802,14917
483,"12/31/2022, 04:31:37","Deb &amp; I are so sad that Barbara Walters passed away. She was a trail blazer, wickedly funny, generous, open hearted‚Ä¶ https://t.co/MnDLpu6rlw",15026242,1,19787,898
484,"12/28/2022, 22:58:12",‚ÄúHunter‚Äôs laptop and other evidence show Biden‚Äôs record of converting his public office into private gain. So it is‚Ä¶ https://t.co/h7tzK57VFi,2001666,1,940,346
485,"12/31/2022, 03:53:34",She was obviously amazing on television but I selfishly loved spending time with her in person. Sitting next to her‚Ä¶ https://t.co/mAcJUDGeXN,1411234,1,15680,800
486,"12/28/2022, 17:59:43","Dear Latvia, 

Please be informed that according to Russian TV you can't afford to have dinner with lights on. Most‚Ä¶ https://t.co/ht7FW5dstv",226995,1,5911,955
487,"12/26/2022, 05:03:05","Tory Lanez Christmas dinner in jail included Roast Turkey, Mashed Potatoes, Gravy, Cranberry Sauce, Green Beans, Sa‚Ä¶ https://t.co/mNn4qdyCn5",1201709,0,11106,623
488,"12/27/2022, 08:35:03","Who should you vote for in 2024?Congress or BJP? Well, here is a simple test: 

You get an invitation for #dinner f‚Ä¶ https://t.co/YYowsC0N4e",568008,1,9022,867
489,"12/27/2022, 09:01:15",One of my wives made dinner and shaped the rice in the form of two hearts. Maybe that isn‚Äôt a big deal to a lot of‚Ä¶ https://t.co/gPmiRcbzmK,62377,1,4547,302
490,"01/01/2023, 13:00:45","Winner winner shark dinner. 
You made it. Undressing Gawr Gura quest complete https://t.co/hespUwUea5",646700,0,22931,1309
491,"12/25/2022, 17:35:04","üéÅüéÑXMAS GIVEAWAY üéÑüéÅ 

Enter on Twitter for a chance to win a stay for four with breakfast and dinner! 

1Ô∏è‚É£ Follow E‚Ä¶ https://t.co/6Gh94roQ9u",65374,1,581,468
492,"12/25/2022, 23:01:28",Russell Wilson is good and terrible today. Broncos let him cook and he burned Christmas dinner. I‚Äôm so sorry Bronco‚Ä¶ https://t.co/XUDxkJOgtm,1837960,1,12525,869
493,"12/28/2022, 22:01:01","sleep for dinner 
#chainsawman #„ÉÅ„Çß„É≥„ÇΩ„Éº„Éû„É≥ https://t.co/Uitrd7NovG",16832736,1,4735,1019
494,"12/25/2022, 13:02:01","Me after #Christmas dinner

üì∏ mydogland | IG https://t.co/ILquO23gKA",16832736,1,2455,439
495,"12/26/2022, 17:57:58","sneak out of xmas dinner with me üéÑ
https://t.co/Ocf6wNcHvQ https://t.co/rG8zZNLUMK",1493918,1,16995,490
496,"12/26/2022, 12:11:00",Being late for family dinner.. üòÖ https://t.co/ly2TARClxn,103036,1,4381,699
